https://api.github.com/repos/moby/moby/issues/30234	https://github.com/moby/moby/pull/30234
https://api.github.com/repos/moby/moby/issues/31108	https://github.com/moby/moby/pull/31108
https://api.github.com/repos/moby/moby/issues/32268	https://github.com/moby/moby/pull/32268
https://api.github.com/repos/moby/moby/issues/32511	https://github.com/moby/moby/pull/32511
https://api.github.com/repos/moby/moby/issues/36014	https://github.com/moby/moby/pull/36014
https://api.github.com/repos/moby/moby/issues/36658	https://github.com/moby/moby/pull/36658
https://api.github.com/repos/moby/moby/issues/36726	https://github.com/moby/moby/pull/36726
https://api.github.com/repos/moby/moby/issues/16683	https://github.com/moby/moby/pull/16683
https://api.github.com/repos/moby/moby/issues/37792	https://github.com/moby/moby/pull/37792
https://api.github.com/repos/moby/moby/issues/37989	https://github.com/moby/moby/pull/37989
https://api.github.com/repos/moby/moby/issues/32763	https://github.com/moby/moby/pull/32763
https://api.github.com/repos/moby/moby/issues/37514	https://github.com/moby/moby/pull/37514
https://api.github.com/repos/moby/moby/issues/38302	https://github.com/moby/moby/pull/38302
https://api.github.com/repos/moby/moby/issues/32162	https://github.com/moby/moby/pull/32162
https://api.github.com/repos/moby/moby/issues/41102	https://github.com/moby/moby/pull/41102
https://api.github.com/repos/moby/moby/issues/41599	https://github.com/moby/moby/pull/41599
https://api.github.com/repos/moby/moby/issues/42163	https://github.com/moby/moby/pull/42163
https://api.github.com/repos/moby/moby/issues/43008	https://github.com/moby/moby/pull/43008
https://api.github.com/repos/moby/moby/issues/43043	https://github.com/moby/moby/pull/43043
https://api.github.com/repos/moby/moby/issues/40561	https://github.com/moby/moby/pull/40561